id,modification,params,seeds,val_loss_mean,val_loss_std,val_acc_mean,val_acc_std,macro_f1_mean,best_epoch_mean,minutes
S5,"Recherche : lr 6.5e-04, batch 32, dropout 0.25/0.3, dense 256",1468135,3,1.023174564043681,0.012104762271970942,0.62835693359375,0.005446749243121187,0.5619153948034136,51.333333333333336,71.0
R4,"60 epochs, ReduceLROnPlateau, patience 8",877287,3,1.0299009482065837,0.003480479446201445,0.6221654613812765,0.008848280849883613,0.5689708752655954,34.0,46.81166666666667
S1,"Recherche : lr 5.9e-04, batch 128, dropout 0.0/0.0, dense 256",1468135,3,1.0394832293192546,0.008588210834216709,0.6172122756640116,0.002382888090105135,0.5619262132031292,30.0,42.153333333333336
S6,"Recherche : lr 4.4e-04, batch 64, dropout 0.4/0.3, dense 128",877287,1,1.0520811080932617,,0.606454610824585,,0.5254815949252173,55.0,23.336666666666666
R2,Deux convolutions par bloc (type VGG),877287,3,1.0523220698038738,0.0076140645743769065,0.6094729502995809,0.006875831866089604,0.5489249473149186,21.0,29.045
R3,"Dropout 0,25 après chaque bloc et 0,5 avant la sortie",877287,3,1.0824648141860962,0.010395121959669403,0.592369019985199,0.00998464815543221,0.501095753987203,29.0,34.47833333333333
S3,"Recherche : lr 9.0e-04, batch 128, dropout 0.4/0.5, dense 128",877287,1,1.0842788219451904,,0.6013466715812683,,0.5032166511015068,57.0,22.421666666666667
S2,"Recherche : lr 1.2e-03, batch 32, dropout 0.1/0.3, dense 128",877287,1,1.0897003412246704,,0.5915950536727905,,0.5247145132691801,46.0,22.029999999999998
R5,Poids de classes équilibrés,877287,3,1.1265686353047688,0.012955459296055478,0.5801408489545187,0.008613627852694313,0.5366898622572126,43.0,56.64666666666667
R0,A1 refait en local (référence même matériel),683527,3,1.1318615674972534,0.009721433189950977,0.5732528368631998,0.0008371560361206682,0.5028019597562636,29.666666666666668,16.203333333333333
R1,BatchNorm après chaque convolution,684199,3,1.2217512528101604,0.01679265859506404,0.5364135901133219,0.007350749471263689,0.43438112290581904,15.666666666666666,13.195
S4,"Recherche : lr 1.7e-03, batch 32, dropout 0.1/0.0, dense 256",1468135,1,1.80947744846344,,0.2512189447879791,,0.05736553296397423,37.0,18.584999999999997
