fichier,source,titre_commons,page_commons,url_vignette,licence,conditions,credit,auteur,date,description
001_Expedition_16_Portrait.jpg,portrait_officiel,File:Expedition 16 Portrait.jpg,https://commons.wikimedia.org/wiki/File:Expedition_16_Portrait.jpg,https://thumb.wikimedia.org/wikipedia/commons/thumb/9/9d/Expedition_16_Portrait.jpg/1920px-Expedition_16_Portrait.jpg?utm_source=commons.wikimedia.org&utm_campaign=imageinfo&utm_content=thumbnail,Public domain,Public domain,http://spaceflight.nasa.gov/gallery/images/station/crew-16/hires/iss016-s-002f.jpg,NASA,2007-06,"International Space Station during Expedition 16. Astronaut Peggy Whitson (front row, right), station commander; and Russia's Federal Space Agency cosmonaut Yuri Malenchenko (front row, left), flight engineer and Soyuz commander, NASA astronaut Clay Anderson (back row, left), flight engineer, astron"
002_Expedition_17_crew_portrait_B.jpg,portrait_officiel,File:Expedition 17 crew portrait B.jpg,https://commons.wikimedia.org/wiki/File:Expedition_17_crew_portrait_B.jpg,https://thumb.wikimedia.org/wikipedia/commons/thumb/3/37/Expedition_17_crew_portrait_B.jpg/1920px-Expedition_17_crew_portrait_B.jpg?utm_source=commons.wikimedia.org&utm_campaign=imageinfo&utm_content=thumbnail,Public domain,Public domain,http://spaceflight.nasa.gov/gallery/images/station/crew-17/hires/iss017-s-002e.jpg,NASA,2008-02-14,"NASA astronauts Greg Chamitoff (left), Garrett Reisman, both Expedition 17 flight engineers; Russian Federal Space Agency cosmonauts Sergei Volkov, commander; and Oleg Kononenko, flight engineer, take a break from training at NASA's Johnson Space Center to pose for a portrait. Reisman will launch to"
003_Expedition_17_crew_portrait.jpg,portrait_officiel,File:Expedition 17 crew portrait.jpg,https://commons.wikimedia.org/wiki/File:Expedition_17_crew_portrait.jpg,https://thumb.wikimedia.org/wikipedia/commons/thumb/8/8f/Expedition_17_crew_portrait.jpg/1920px-Expedition_17_crew_portrait.jpg?utm_source=commons.wikimedia.org&utm_campaign=imageinfo&utm_content=thumbnail,Public domain,Public domain,http://spaceflight.nasa.gov/gallery/images/station/crew-17/hires/jsc2008e004205.jpg,NASA,2008-01-15,"Six crewmembers connected to the International Space Station's Expedition 17 mission pose for a portrait following a Jan. 15 press conference at the NASA Johnson Space Center. From left are Russia's Federal Space Agency cosmonaut Sergei Volkov, Expedition 17 commander; with flight engineers Greg Cha"
004_Expedition_18_crew_portrait.jpg,portrait_officiel,File:Expedition 18 crew portrait.jpg,https://commons.wikimedia.org/wiki/File:Expedition_18_crew_portrait.jpg,https://thumb.wikimedia.org/wikipedia/commons/thumb/f/fb/Expedition_18_crew_portrait.jpg/1920px-Expedition_18_crew_portrait.jpg?utm_source=commons.wikimedia.org&utm_campaign=imageinfo&utm_content=thumbnail,Public domain,Public domain,http://spaceflight.nasa.gov/gallery/images/station/crew-18/html/iss018-s-002-f.html,NASA,2008-05-21,"Expedition 18 crewmembers take a break from training at NASA's Johnson Space Center to pose for a group portrait. From the left (front row) are NASA astronaut Michael Fincke and Russian Federal Space Agency cosmonaut Yury Lonchakov, commander and flight engineer, respectively. From the left (back ro"
005_Expedition_19_crew_portrait.jpg,portrait_officiel,File:Expedition 19 crew portrait.jpg,https://commons.wikimedia.org/wiki/File:Expedition_19_crew_portrait.jpg,https://thumb.wikimedia.org/wikipedia/commons/thumb/a/ab/Expedition_19_crew_portrait.jpg/1920px-Expedition_19_crew_portrait.jpg?utm_source=commons.wikimedia.org&utm_campaign=imageinfo&utm_content=thumbnail,Public domain,Public domain,http://spaceflight.nasa.gov/gallery/images/station/crew-19/html/iss019-s-002.html,Robert Markowitz,2008-10-31,"Equipage de l'expédition 19 vers l'ISS. ISS019-S-002 --- Cosmonaut Gennady Padalka (center), Expedition 19 commander; NASA astronaut Michael Barratt (left) and Japan Aerospace Exploration Agency (JAXA) astronaut Koichi Wakata, both flight engineers, take a break from training at NASA's Johnson Space"
006_Expedition_24_crew_portrait.jpg,portrait_officiel,File:Expedition 24 crew portrait.jpg,https://commons.wikimedia.org/wiki/File:Expedition_24_crew_portrait.jpg,https://thumb.wikimedia.org/wikipedia/commons/thumb/0/00/Expedition_24_crew_portrait.jpg/1920px-Expedition_24_crew_portrait.jpg?utm_source=commons.wikimedia.org&utm_campaign=imageinfo&utm_content=thumbnail,Public domain,Public domain,http://spaceflight.nasa.gov/gallery/images/station/crew-24/html/iss024-s-002a.html,NASA,2009-12-15,"Expedition 24 crew members take a break from training at NASA's Johnson Space Center to pose for a crew portrait. Pictured clockwise are Russian cosmonaut Alexander Skvortsov (bottom), commander; NASA astronauts Tracy Caldwell Dyson and Doug Wheelock; Russian cosmonauts Mikhail Kornienko and Fyodor "
007_Expedition_24_inflight_crew_portrait.jpg,portrait_officiel,File:Expedition 24 inflight crew portrait.jpg,https://commons.wikimedia.org/wiki/File:Expedition_24_inflight_crew_portrait.jpg,https://thumb.wikimedia.org/wikipedia/commons/thumb/f/fc/Expedition_24_inflight_crew_portrait.jpg/1920px-Expedition_24_inflight_crew_portrait.jpg?utm_source=commons.wikimedia.org&utm_campaign=imageinfo&utm_content=thumbnail,Public domain,Public domain,http://spaceflight.nasa.gov/gallery/images/station/crew-24/html/iss024e006213.html,NASA,Taken on 17 June 2010,"Expedition 24 crew members pose for a photo in the Zvezda Service Module of the International Space Station. Pictured on the front row are Russian cosmonaut Fyodor Yurchikhin (center); along with NASA astronauts Shannon Walker and Doug Wheelock, all flight engineers. Pictured on the back row are Rus"
008_Expedition_25_crew_portrait.jpg,portrait_officiel,File:Expedition 25 crew portrait.jpg,https://commons.wikimedia.org/wiki/File:Expedition_25_crew_portrait.jpg,https://thumb.wikimedia.org/wikipedia/commons/thumb/2/28/Expedition_25_crew_portrait.jpg/1920px-Expedition_25_crew_portrait.jpg?utm_source=commons.wikimedia.org&utm_campaign=imageinfo&utm_content=thumbnail,Public domain,Public domain,http://spaceflight.nasa.gov/gallery/images/station/crew-25/html/iss025-s-002a.html http://www.collectspace.com/ubb/Forum30/HTML/000877.html,NASA/Crew of Expedition 25,2010-02,"Expedition 25 crew members take a break from training at NASA's Johnson Space Center to pose for a crew portrait. Pictured at center right is NASA astronaut Doug Wheelock, commander. Also pictured (from the left) are Russian cosmonauts Oleg Skripochka and Alexander Kaleri; NASA astronauts Scott Kell"
009_Expedition_26_crew_portrait.jpg,portrait_officiel,File:Expedition 26 crew portrait.jpg,https://commons.wikimedia.org/wiki/File:Expedition_26_crew_portrait.jpg,https://thumb.wikimedia.org/wikipedia/commons/thumb/a/ae/Expedition_26_crew_portrait.jpg/1920px-Expedition_26_crew_portrait.jpg?utm_source=commons.wikimedia.org&utm_campaign=imageinfo&utm_content=thumbnail,Public domain,Public domain,http://spaceflight.nasa.gov/gallery/images/station/crew-26/html/iss026-s-002.html,NASA,2010-07-16,"Expedition 26 crew members take a break from training at NASA's Johnson Space Center to pose for a crew portrait. Pictured clockwise from the right are NASA astronaut Scott Kelly, commander; NASA astronaut Catherine Coleman, Russian cosmonauts Dmitry Kondratyev, Oleg Skripochka, Alexander Kaleri and"
010_Expedition_27_crew_portrait.jpg,portrait_officiel,File:Expedition 27 crew portrait.jpg,https://commons.wikimedia.org/wiki/File:Expedition_27_crew_portrait.jpg,https://thumb.wikimedia.org/wikipedia/commons/thumb/0/02/Expedition_27_crew_portrait.jpg/1920px-Expedition_27_crew_portrait.jpg?utm_source=commons.wikimedia.org&utm_campaign=imageinfo&utm_content=thumbnail,Public domain,Public domain,http://spaceflight.nasa.gov/gallery/images/station/crew-27/html/iss027-s-002.html,Robert Markowitz,2010-07-21,"Expedition 27 crew members take a break from training at NASA's Johnson Space Center to pose for a crew portrait. Pictured from the right are Russian cosmonaut Dmitry Kondratyev, commander; Russian cosmonaut Andre Borisenko, NASA astronaut Catherine Coleman, Russian cosmonaut Alexander Samokutyayev,"
011_Expedition_27_inflight_crew_portrait.jpg,portrait_officiel,File:Expedition 27 inflight crew portrait.jpg,https://commons.wikimedia.org/wiki/File:Expedition_27_inflight_crew_portrait.jpg,https://thumb.wikimedia.org/wikipedia/commons/thumb/7/78/Expedition_27_inflight_crew_portrait.jpg/1920px-Expedition_27_inflight_crew_portrait.jpg?utm_source=commons.wikimedia.org&utm_campaign=imageinfo&utm_content=thumbnail,Public domain,Public domain,http://spaceflight.nasa.gov/gallery/images/shuttle/sts-134/html/iss027e035707.html,NASA,2011-05-21,"Inside the Kibo lab onboard the International Space Station, the six astronauts and cosmonauts making up the Expedition 27 crew pose for a traditional group shot. From left to right (front row) are NASA astronaut Cady Coleman, Russian cosmonaut Dmitry Kondratyev and European Space Agency astronaut P"
012_Expedition_28_crew_portrait.jpg,portrait_officiel,File:Expedition 28 crew portrait.jpg,https://commons.wikimedia.org/wiki/File:Expedition_28_crew_portrait.jpg,https://thumb.wikimedia.org/wikipedia/commons/thumb/d/dc/Expedition_28_crew_portrait.jpg/1920px-Expedition_28_crew_portrait.jpg?utm_source=commons.wikimedia.org&utm_campaign=imageinfo&utm_content=thumbnail,Public domain,Public domain,http://spaceflight.nasa.gov/gallery/images/station/crew-28/html/iss028-s-002.html,Robert Markowitz,2010-07-22,"Expedition 28 crew members take a break from training at NASA's Johnson Space Center to pose for a crew portrait. Pictured from the right (front row) are Russian cosmonaut Andre Borisenko, commander; Russian cosmonaut Alexander Samokutyaev and NASA astronaut Mike Fossum, both flight engineers. Pictu"
013_Expedition_29_crew_portrait_v2.jpg,portrait_officiel,File:Expedition 29 crew portrait v2.jpg,https://commons.wikimedia.org/wiki/File:Expedition_29_crew_portrait_v2.jpg,https://thumb.wikimedia.org/wikipedia/commons/thumb/8/81/Expedition_29_crew_portrait_v2.jpg/1920px-Expedition_29_crew_portrait_v2.jpg?utm_source=commons.wikimedia.org&utm_campaign=imageinfo&utm_content=thumbnail,Public domain,Public domain,http://spaceflight.nasa.gov/gallery/images/station/crew-29/html/iss029-s-002a.html,Robert Markowitz,2011-01-26,"NASA astronaut Mike Fossum (center), Expedition 29 commander; along with Russian cosmonaut Sergei Volkov (left) and Japan Aerospace Exploration Agency (JAXA) astronaut Satoshi Furukawa, both flight engineers, take a break from training at NASA's Johnson Space Center to pose for a crew portrait."
014_Expedition_30_crew_portrait_v2.jpg,portrait_officiel,File:Expedition 30 crew portrait v2.jpg,https://commons.wikimedia.org/wiki/File:Expedition_30_crew_portrait_v2.jpg,https://thumb.wikimedia.org/wikipedia/commons/thumb/3/38/Expedition_30_crew_portrait_v2.jpg/1920px-Expedition_30_crew_portrait_v2.jpg?utm_source=commons.wikimedia.org&utm_campaign=imageinfo&utm_content=thumbnail,Public domain,Public domain,http://spaceflight.nasa.gov/gallery/images/station/crew-30/html/iss030-s-002a.html,NASA,2011-11,"NASA astronaut Dan Burbank (center), Expedition 30 commander, and his two Russian cosmonaut crew mates – Soyuz Commander Anton Shkaplerov (left) and Flight Engineer Anatoly Ivanishin – take a break from training to pose for a crew portrait."
015_Expedition_30_crew_portrait.jpg,portrait_officiel,File:Expedition 30 crew portrait.jpg,https://commons.wikimedia.org/wiki/File:Expedition_30_crew_portrait.jpg,https://thumb.wikimedia.org/wikipedia/commons/thumb/1/15/Expedition_30_crew_portrait.jpg/1920px-Expedition_30_crew_portrait.jpg?utm_source=commons.wikimedia.org&utm_campaign=imageinfo&utm_content=thumbnail,Public domain,Public domain,http://spaceflight.nasa.gov/gallery/images/station/crew-30/html/iss030-s-002.html,NASA,Taken on 19 July 2011,"Expedition 30 crew members take a break from training at NASA's Johnson Space Center to pose for a crew portrait. Pictured on the front row are NASA astronaut Dan Burbank, commander; and Russian cosmonaut Oleg Kononenko, flight engineer. Pictured from the left (back row) are Russian cosmonauts Anton"
016_Expedition_30_in_flight_crew_portrait.jpg,portrait_officiel,File:Expedition 30 in-flight crew portrait.jpg,https://commons.wikimedia.org/wiki/File:Expedition_30_in-flight_crew_portrait.jpg,https://thumb.wikimedia.org/wikipedia/commons/thumb/d/d1/Expedition_30_in-flight_crew_portrait.jpg/1920px-Expedition_30_in-flight_crew_portrait.jpg?utm_source=commons.wikimedia.org&utm_campaign=imageinfo&utm_content=thumbnail,Public domain,Public domain,http://spaceflight.nasa.gov/gallery/images/station/crew-30/html/iss030e235661.html,NASA,2012-04-15,"Expedition 30 crew members pose for an in-flight crew portrait in the European Space Agency's ""Edoardo Amaldi"" Automated Transfer Vehicle-3 (ATV-3) currently docked with the International Space Station. Pictured clockwise (from bottom center) are NASA astronaut Dan Burbank, commander; along with Eur"
017_Expedition_31_crew_portrait.jpg,portrait_officiel,File:Expedition 31 crew portrait.jpg,https://commons.wikimedia.org/wiki/File:Expedition_31_crew_portrait.jpg,https://thumb.wikimedia.org/wikipedia/commons/thumb/a/a8/Expedition_31_crew_portrait.jpg/1920px-Expedition_31_crew_portrait.jpg?utm_source=commons.wikimedia.org&utm_campaign=imageinfo&utm_content=thumbnail,Public domain,Public domain,http://spaceflight.nasa.gov/gallery/images/station/crew-31/html/iss031-s-002.html [ dead link ],Robert Markowitz,2011-07-14,"Expedition 31 crew members take a break from training at NASA's Johnson Space Center to pose for a crew portrait. Pictured on the front row are Russian cosmonauts Oleg Kononenko (right), commander; and Gennady Padalka, flight engineer. Pictured from the left (back row) are NASA astronaut Joe Acaba, "
018_Expedition_32_in_flight_crew_portrait.jpg,portrait_officiel,File:Expedition 32 in-flight crew portrait.jpg,https://commons.wikimedia.org/wiki/File:Expedition_32_in-flight_crew_portrait.jpg,https://thumb.wikimedia.org/wikipedia/commons/thumb/f/fa/Expedition_32_in-flight_crew_portrait.jpg/1920px-Expedition_32_in-flight_crew_portrait.jpg?utm_source=commons.wikimedia.org&utm_campaign=imageinfo&utm_content=thumbnail,Public domain,Public domain,http://spaceflight.nasa.gov/gallery/images/station/crew-32/html/iss032e018130.html,NASA,2012-08-13,"Expedition 32 crew members pose for a photo in the Kibo laboratory of the International Space Station. Pictured on the bottom row are Russian cosmonaut Gennady Padalka (center), commander; along with cosmonaut Sergei Revin (left) and NASA astronaut Joe Acaba, both flight engineers. Pictured on the t"
019_Expedition_33_crew_portrait.jpg,portrait_officiel,File:Expedition 33 crew portrait.jpg,https://commons.wikimedia.org/wiki/File:Expedition_33_crew_portrait.jpg,https://thumb.wikimedia.org/wikipedia/commons/thumb/2/2e/Expedition_33_crew_portrait.jpg/1920px-Expedition_33_crew_portrait.jpg?utm_source=commons.wikimedia.org&utm_campaign=imageinfo&utm_content=thumbnail,Public domain,Public domain,http://spaceflight.nasa.gov/gallery/images/station/crew-33/html/iss033-s-002.html,Bill Stafford,2012-01-12,"Expedition 33 crew members take a break from training at NASA's Johnson Space Center to pose for a crew portrait. Pictured from the left are NASA astronaut Sunita Williams, commander; along with Russian cosmonaut Yuri Malenchenko, Japan Aerospace Exploration Agency (JAXA) astronaut Akihiko Hoshide, "
020_Expedition_34_crew_portrait.jpg,portrait_officiel,File:Expedition 34 crew portrait.jpg,https://commons.wikimedia.org/wiki/File:Expedition_34_crew_portrait.jpg,https://thumb.wikimedia.org/wikipedia/commons/thumb/f/fe/Expedition_34_crew_portrait.jpg/1920px-Expedition_34_crew_portrait.jpg?utm_source=commons.wikimedia.org&utm_campaign=imageinfo&utm_content=thumbnail,Public domain,Public domain,http://spaceflight.nasa.gov/gallery/images/station/crew-34/html/iss034-s-002.html,Robert Markowitz,2012-01-19,"Expedition 34 crew members take a break from training at NASA's Johnson Space Center to pose for a crew portrait. Pictured on the front row are NASA astronaut Kevin Ford (left), commander; and Canadian Space Agency astronaut Chris Hadfield, flight engineer. Pictured from the left (back row) are Russ"
021_Expedition_35_inflight_crew_portrait.jpg,portrait_officiel,File:Expedition 35 inflight crew portrait.jpg,https://commons.wikimedia.org/wiki/File:Expedition_35_inflight_crew_portrait.jpg,https://thumb.wikimedia.org/wikipedia/commons/thumb/b/bd/Expedition_35_inflight_crew_portrait.jpg/1920px-Expedition_35_inflight_crew_portrait.jpg?utm_source=commons.wikimedia.org&utm_campaign=imageinfo&utm_content=thumbnail,Public domain,Public domain,http://spaceflight.nasa.gov/gallery/images/station/crew-35/html/iss035e016601.html,NASA,2013-04-06,"The six Expedition 35 crew members, having completed a Cosmonautics Day video greeting from space, take some ""portraits"" in Japan Aerospace Exploration Agency's Kibo lab aboard the International Space Station. In front, from the left, are Russian cosmonaut Pavel Vinogradov, the Canadian Space Agency"
022_Expedition_36_crew_portrait.jpg,portrait_officiel,File:Expedition 36 crew portrait.jpg,https://commons.wikimedia.org/wiki/File:Expedition_36_crew_portrait.jpg,https://thumb.wikimedia.org/wikipedia/commons/thumb/d/d9/Expedition_36_crew_portrait.jpg/1920px-Expedition_36_crew_portrait.jpg?utm_source=commons.wikimedia.org&utm_campaign=imageinfo&utm_content=thumbnail,Public domain,Public domain,http://spaceflight.nasa.gov/gallery/images/station/crew-36/html/iss036-s-002.html,Robert Markowitz,Taken on 31 July 2012,"Expedition 36 crew members take a break from training at NASA's Johnson Space Center to pose for a crew portrait. Pictured on the front row are Russian cosmonauts Pavel Vinogradov (left), commander; and Fyodor Yurchikhin, flight engineer. Pictured from the left (back row) are Russian cosmonaut Alexa"
023_Expedition_36_inflight_crew_portrait.jpg,portrait_officiel,File:Expedition 36 inflight crew portrait.jpg,https://commons.wikimedia.org/wiki/File:Expedition_36_inflight_crew_portrait.jpg,https://thumb.wikimedia.org/wikipedia/commons/thumb/0/03/Expedition_36_inflight_crew_portrait.jpg/1920px-Expedition_36_inflight_crew_portrait.jpg?utm_source=commons.wikimedia.org&utm_campaign=imageinfo&utm_content=thumbnail,Public domain,Public domain,http://spaceflight.nasa.gov/gallery/images/station/crew-36/html/iss036e006693.html,NASA/Expedition 36 crew,Taken on 8 June 2013,"Inside the Kibo laboratory of the Japan Aerospace Exploration Agency, the six Expedition 36 crew members position themselves for a videotaped tribute to cosmonaut Valentina Tereshkova, who on June 16 will mark the 50th anniversary of her 1963 launch aboard the Soviet Vostok-6 spacecraft. In the bott"
024_Expedition_37_crew_portrait.jpg,portrait_officiel,File:Expedition 37 crew portrait.jpg,https://commons.wikimedia.org/wiki/File:Expedition_37_crew_portrait.jpg,https://thumb.wikimedia.org/wikipedia/commons/thumb/b/b4/Expedition_37_crew_portrait.jpg/1920px-Expedition_37_crew_portrait.jpg?utm_source=commons.wikimedia.org&utm_campaign=imageinfo&utm_content=thumbnail,Public domain,Public domain,http://spaceflight.nasa.gov/gallery/images/station/crew-37/html/iss037-s-002.html,Lauren Harnett,2013-01-16,"Expedition 37 crew members take a break from training at NASA's Johnson Space Center to pose for a crew portrait. Pictured on the front row are Russian cosmonauts Fyodor Yurchikhin (left), commander; and Oleg Kotov, flight engineer. Pictured from the left (back row) are NASA astronaut Karen Nyberg, "
025_Expedition_37_in_flight_crew_portrait_1.jpg,portrait_officiel,File:Expedition 37 in-flight crew portrait (1).jpg,https://commons.wikimedia.org/wiki/File:Expedition_37_in-flight_crew_portrait_(1).jpg,https://thumb.wikimedia.org/wikipedia/commons/thumb/d/d5/Expedition_37_in-flight_crew_portrait_%281%29.jpg/1920px-Expedition_37_in-flight_crew_portrait_%281%29.jpg?utm_source=commons.wikimedia.org&utm_campaign=imageinfo&utm_content=thumbnail,Public domain,Public domain,http://spaceflight.nasa.gov/gallery/images/station/crew-37/html/iss037e011103.html,NASA/Expedition 37 crew,2013-10-14,"Expedition 37 crew members pose for an in-flight crew portrait in the Kibo laboratory of the International Space Station. Pictured on the front row are Russian cosmonaut Fyodor Yurchikhin (center), commander; along with NASA astronaut Karen Nyberg and European Space Agency astronaut Luca Parmitano, "
026_Expedition_37_in_flight_crew_portrait_2.jpg,portrait_officiel,File:Expedition 37 in-flight crew portrait (2).jpg,https://commons.wikimedia.org/wiki/File:Expedition_37_in-flight_crew_portrait_(2).jpg,https://thumb.wikimedia.org/wikipedia/commons/thumb/a/a8/Expedition_37_in-flight_crew_portrait_%282%29.jpg/1920px-Expedition_37_in-flight_crew_portrait_%282%29.jpg?utm_source=commons.wikimedia.org&utm_campaign=imageinfo&utm_content=thumbnail,Public domain,Public domain,http://spaceflight.nasa.gov/gallery/images/station/crew-37/html/iss037e013333.html,NASA/Expedition 37 crew,2013-10-14,"Expedition 37 crew members pose for an in-flight crew portrait in the Kibo laboratory of the International Space Station. Pictured (clockwise from lower left) are Russian cosmonaut Fyodor Yurchikhin, commander; Russian cosmonauts Sergey Ryazanskiy, NASA astronaut Karen Nyberg, Russian cosmonaut Oleg"
027_Expedition_37_in_flight_crew_portrait_3_with_Expedition_38_c.jpg,portrait_officiel,File:Expedition 37 in-flight crew portrait (3) with Expedition 38 crew.jpg,https://commons.wikimedia.org/wiki/File:Expedition_37_in-flight_crew_portrait_(3)_with_Expedition_38_crew.jpg,https://thumb.wikimedia.org/wikipedia/commons/thumb/4/4e/Expedition_37_in-flight_crew_portrait_%283%29_with_Expedition_38_crew.jpg/1920px-Expedition_37_in-flight_crew_portrait_%283%29_with_Expedition_38_crew.jpg?utm_source=commons.wikimedia.org&utm_campaign=imageinfo&utm_content=thumbnail,Public domain,Public domain,http://spaceflight.nasa.gov/gallery/images/station/crew-37/html/iss037e028218.html,NASA,2013-11-08,Nine crew members gather for a group portrait in the International Space Station's Kibo laboratory following a joint crew news conference. This is the first time since October 2009 that nine people have resided on the station without the presence of a space shuttle. Pictured on the front row are Rus
028_Expedition_37_in_flight_crew_portrait_4_with_Expedition_38_c.jpg,portrait_officiel,File:Expedition 37 in-flight crew portrait (4) with Expedition 38 crew.jpg,https://commons.wikimedia.org/wiki/File:Expedition_37_in-flight_crew_portrait_(4)_with_Expedition_38_crew.jpg,https://thumb.wikimedia.org/wikipedia/commons/thumb/c/c2/Expedition_37_in-flight_crew_portrait_%284%29_with_Expedition_38_crew.jpg/1920px-Expedition_37_in-flight_crew_portrait_%284%29_with_Expedition_38_crew.jpg?utm_source=commons.wikimedia.org&utm_campaign=imageinfo&utm_content=thumbnail,Public domain,Public domain,http://spaceflight.nasa.gov/gallery/images/station/crew-37/html/iss037e028227.html,NASA,2013-11-08,Nine crew members gather for a group portrait in the International Space Station's Kibo laboratory following a joint crew news conference. This is the first time since October 2009 that nine people have resided on the station without the presence of a space shuttle. Pictured clockwise (from bottom r
029_Expedition_38_crew_members_pose_for_an_in_flight_crew_portra.jpg,portrait_officiel,File:Expedition 38 crew members pose for an in-flight crew portrait - NASA ISS038-E-054970.jpg,https://commons.wikimedia.org/wiki/File:Expedition_38_crew_members_pose_for_an_in-flight_crew_portrait_-_NASA_ISS038-E-054970.jpg,https://thumb.wikimedia.org/wikipedia/commons/thumb/9/9a/Expedition_38_crew_members_pose_for_an_in-flight_crew_portrait_-_NASA_ISS038-E-054970.jpg/1920px-Expedition_38_crew_members_pose_for_an_in-flight_crew_portrait_-_NASA_ISS038-E-054970.jpg?utm_source=commons.wikimedia.org&utm_campaign=imageinfo&utm_content=thumbnail,Public domain,Public domain,https://images.nasa.gov/details/iss038e054970,NASA,2014-02-22 17:49:38,"ISS038-E-054970 (22 Feb. 2014) --- Expedition 38 crew members pose for an in-flight crew portrait in the Kibo laboratory of the International Space Station. Pictured (clockwise from top center) are Russian cosmonaut Oleg Kotov, commander; Japan Aerospace Exploration Agency astronaut Koichi Wakata, R"
030_Expedition_38_crew_portrait.jpg,portrait_officiel,File:Expedition 38 crew portrait.jpg,https://commons.wikimedia.org/wiki/File:Expedition_38_crew_portrait.jpg,https://thumb.wikimedia.org/wikipedia/commons/thumb/0/05/Expedition_38_crew_portrait.jpg/1920px-Expedition_38_crew_portrait.jpg?utm_source=commons.wikimedia.org&utm_campaign=imageinfo&utm_content=thumbnail,Public domain,Public domain,http://spaceflight.nasa.gov/gallery/images/station/crew-38/html/iss038-s-002.html,Robert Markowitz,Taken on 3 October 2012,"Expedition 38 crew members take a break from training at NASA's Johnson Space Center to pose for a crew portrait. Pictured on the front row are Koichi Wakata (left), flight engineer; and Russian cosmonaut Oleg Kotov, commander. Pictured from the left (back row) are Russian cosmonaut Mikhail Tyurin, "
031_Expedition_39_crew_portrait.jpg,portrait_officiel,File:Expedition 39 crew portrait.jpg,https://commons.wikimedia.org/wiki/File:Expedition_39_crew_portrait.jpg,https://thumb.wikimedia.org/wikipedia/commons/thumb/1/1e/Expedition_39_crew_portrait.jpg/1920px-Expedition_39_crew_portrait.jpg?utm_source=commons.wikimedia.org&utm_campaign=imageinfo&utm_content=thumbnail,Public domain,Public domain,http://spaceflight.nasa.gov/gallery/images/station/crew-39/html/iss039-s-002.html,Bill Stafford,2013-07-12,"Expedition 39 crew members take a break from training at NASA's Johnson Space Center to pose for a crew portrait. Pictured on the front row are Japan Aerospace Exploration Agency (JAXA) astronaut Koichi Wakata (right), commander; and NASA astronaut Steve Swanson, flight engineer. Pictured from the l"
032_Expedition_40_crew_portrait.jpg,portrait_officiel,File:Expedition 40 crew portrait.jpg,https://commons.wikimedia.org/wiki/File:Expedition_40_crew_portrait.jpg,https://thumb.wikimedia.org/wikipedia/commons/thumb/4/47/Expedition_40_crew_portrait.jpg/1920px-Expedition_40_crew_portrait.jpg?utm_source=commons.wikimedia.org&utm_campaign=imageinfo&utm_content=thumbnail,Public domain,Public domain,https://www.flickr.com/photos/nasa2explore/13927928089/,Robert Markowitz,2014-01-17,"The six Expedition 40 crew members take a break from training to pose for their crew portrait. From left are cosmonaut Alexander Skvortsov of Roscosmos, NASA astronaut Steve Swanson and cosmonaut Oleg Artemyev; ESA astronaut Alexander Gerst, cosmonaut Maxim Suraev and NASA astronaut Reid Wiseman. Th"
033_Expedition_41_crew_portrait.jpg,portrait_officiel,File:Expedition 41 crew portrait.jpg,https://commons.wikimedia.org/wiki/File:Expedition_41_crew_portrait.jpg,https://thumb.wikimedia.org/wikipedia/commons/thumb/a/ac/Expedition_41_crew_portrait.jpg/1920px-Expedition_41_crew_portrait.jpg?utm_source=commons.wikimedia.org&utm_campaign=imageinfo&utm_content=thumbnail,Public domain,Public domain,http://www.nasa.gov/content/expedition-41-crew-portrait/ http://forum.nasaspaceflight.com/index.php?topic=33149.0,NASA/Bill Stafford/James Blair/Robert Markowitz,2014-01-21,"Expedition 41 crew members take a break from training at NASA's Johnson Space Center to pose for a crew portrait. Pictured on the front row are Russian cosmonaut Maxim Suraev (left), commander; and NASA astronaut Barry Wilmore, flight engineer. Pictured from the left (back row) are NASA astronaut Re"
034_Expedition_42_crew_portrait.jpg,portrait_officiel,File:Expedition 42 crew portrait.jpg,https://commons.wikimedia.org/wiki/File:Expedition_42_crew_portrait.jpg,https://thumb.wikimedia.org/wikipedia/commons/thumb/4/4f/Expedition_42_crew_portrait.jpg/1920px-Expedition_42_crew_portrait.jpg?utm_source=commons.wikimedia.org&utm_campaign=imageinfo&utm_content=thumbnail,Public domain,Public domain,https://www.flickr.com/photos/nasa2explore/15023496609/,Bill Stafford,2014-07-09,"Expedition 42 crew members take a break from training at NASA's Johnson Space Center to pose for a crew portrait. Pictured on the front row are NASA astronauts Barry Wilmore (left), commander; and Terry Virts, flight engineer. Pictured from the left (back row) are Russian cosmonauts Elena Serova, Al"
035_Expedition_42_on_orbit_crew_portrait.jpg,portrait_officiel,File:Expedition 42 on orbit crew portrait.jpg,https://commons.wikimedia.org/wiki/File:Expedition_42_on_orbit_crew_portrait.jpg,https://thumb.wikimedia.org/wikipedia/commons/thumb/9/95/Expedition_42_on_orbit_crew_portrait.jpg/1920px-Expedition_42_on_orbit_crew_portrait.jpg?utm_source=commons.wikimedia.org&utm_campaign=imageinfo&utm_content=thumbnail,Public domain,Public domain,https://www.flickr.com/photos/nasa2explore/16166230844/,NASA,2015-03-07,"A meeting of the minds aboard the International Space Station on Mar. 7, 2015 with members of Expedition 42; astronauts US, Barry Wilmore (Commander) Top, Upside down, to the right cosmonaut Elena Serova, &amp; ESA European Space Agency Samantha Cristoforetti. Bottom center US astronaut Terry Virts,"
036_Expedition_43_crew_portrait.jpg,portrait_officiel,File:Expedition 43 crew portrait.jpg,https://commons.wikimedia.org/wiki/File:Expedition_43_crew_portrait.jpg,https://thumb.wikimedia.org/wikipedia/commons/thumb/d/db/Expedition_43_crew_portrait.jpg/1920px-Expedition_43_crew_portrait.jpg?utm_source=commons.wikimedia.org&utm_campaign=imageinfo&utm_content=thumbnail,Public domain,Public domain,https://www.flickr.com/photos/nasa2explore/15156689650/,Bill Stafford,2014-07-10,"Expedition 43 crew members take a break from training at NASA's Johnson Space Center to pose for a crew portrait. Pictured from the right are NASA astronaut Terry Virts, commander; along with Russian cosmonaut Mikhail Kornienko, European Space Agency astronaut Samantha Cristoforetti, Russian cosmona"
037_Expedition_44_crew_portrait.jpg,portrait_officiel,File:Expedition 44 crew portrait.jpg,https://commons.wikimedia.org/wiki/File:Expedition_44_crew_portrait.jpg,https://thumb.wikimedia.org/wikipedia/commons/thumb/e/e4/Expedition_44_crew_portrait.jpg/1920px-Expedition_44_crew_portrait.jpg?utm_source=commons.wikimedia.org&utm_campaign=imageinfo&utm_content=thumbnail,Public domain,Public domain,https://www.flickr.com/photos/nasa2explore/17531732085/,Bill Stafford,2014-07-09,"Official Expedition 44 crew portrait Soyuz 42 (Gennady Padalka, Mikhail Kornienko, Scott Kelly) and Soyuz 43 (Oleg Kononenko, Kimiya Yui and Kjell Lindgren)"
038_Expedition_45_crew_portrait.jpg,portrait_officiel,File:Expedition 45 crew portrait.jpg,https://commons.wikimedia.org/wiki/File:Expedition_45_crew_portrait.jpg,https://thumb.wikimedia.org/wikipedia/commons/thumb/1/16/Expedition_45_crew_portrait.jpg/1920px-Expedition_45_crew_portrait.jpg?utm_source=commons.wikimedia.org&utm_campaign=imageinfo&utm_content=thumbnail,Public domain,Public domain,https://www.flickr.com/photos/nasa2explore/21143979779/,Robert Markowitz,2015-01-21,"Expedition 45 crew portrait with (from left) Commander Scott Kelly and Flight Engineers Sergey Volkov, Mikhail Kornienko, Kjell Lindgren, Oleg Kononenko and Kimiya Yui."
039_Expedition_46_crew_portrait.jpg,portrait_officiel,File:Expedition 46 crew portrait.jpg,https://commons.wikimedia.org/wiki/File:Expedition_46_crew_portrait.jpg,https://thumb.wikimedia.org/wikipedia/commons/thumb/7/76/Expedition_46_crew_portrait.jpg/1920px-Expedition_46_crew_portrait.jpg?utm_source=commons.wikimedia.org&utm_campaign=imageinfo&utm_content=thumbnail,Public domain,Public domain,https://www.flickr.com/photos/nasa2explore/23129028915/,Robert Markowitz,2015-01-21,"Expedition 46 crew portrait with (from left) Commander Scott Kelly and Flight Engineers Sergey Volkov, Mikhail Kornienko, Timothy Kopra, Timothy Peake and Yuri Malenchenko."
040_Expedition_48_crew_portrait.jpg,portrait_officiel,File:Expedition 48 crew portrait.jpg,https://commons.wikimedia.org/wiki/File:Expedition_48_crew_portrait.jpg,https://thumb.wikimedia.org/wikipedia/commons/thumb/f/ff/Expedition_48_crew_portrait.jpg/1920px-Expedition_48_crew_portrait.jpg?utm_source=commons.wikimedia.org&utm_campaign=imageinfo&utm_content=thumbnail,Public domain,Public domain,https://www.flickr.com/photos/nasa2explore/25819220005/,Bill Stafford,2015-06-26,"Expedition 48 crew portrait with 46S crew (Jeff Williams, Oleg Skripochka, Aleksei Ovchinin) and 47S crew (Anatoli Ivanishin, Kate Rubins, Takuya Onishi)."
041_Expedition_49_crew_portrait_2.jpg,portrait_officiel,File:Expedition 49 crew portrait (2).jpg,https://commons.wikimedia.org/wiki/File:Expedition_49_crew_portrait_(2).jpg,https://thumb.wikimedia.org/wikipedia/commons/thumb/7/74/Expedition_49_crew_portrait_%282%29.jpg/1920px-Expedition_49_crew_portrait_%282%29.jpg?utm_source=commons.wikimedia.org&utm_campaign=imageinfo&utm_content=thumbnail,Public domain,Public domain,https://www.flickr.com/photos/nasa2explore/25746246412/,Robert Markowitz,2016-01-13,"Jsc2016e003112 (10/01/2014) --- Expedition 49 crew portrait with (from left) Sergei Ryzhikov, Shane Kimbrough, Andrei Borisenko, Kate Rubins, Anatoli Ivanishin, and Takuya Onishi."
042_Expedition_49_crew_portrait_with_astronaut_Kate_Rubins_cosmo.jpg,portrait_officiel,"File:Expedition 49 crew portrait with astronaut Kate Rubins, cosmonaut Anatoly Ivanishin, and astronaut Takuya Onishi.jpg","https://commons.wikimedia.org/wiki/File:Expedition_49_crew_portrait_with_astronaut_Kate_Rubins,_cosmonaut_Anatoly_Ivanishin,_and_astronaut_Takuya_Onishi.jpg",https://thumb.wikimedia.org/wikipedia/commons/thumb/5/54/Expedition_49_crew_portrait_with_astronaut_Kate_Rubins%2C_cosmonaut_Anatoly_Ivanishin%2C_and_astronaut_Takuya_Onishi.jpg/1920px-Expedition_49_crew_portrait_with_astronaut_Kate_Rubins%2C_cosmonaut_Anatoly_Ivanishin%2C_and_astronaut_Takuya_Onishi.jpg?utm_source=commons.wikimedia.org&utm_campaign=imageinfo&utm_content=thumbnail,Public domain,Public domain,https://www.flickr.com/photos/nasa2explore/25566492300/,Robert Markowitz,2014-10-01,"jsc2016e003156 (10/01/2014) --- Expedition 49 crew portrait with (from left) NASA astronaut Kate Rubins, Russian cosmonaut Anatoly Ivanishin (Expedition 49 Commander), and Japan Aerospace Exploration Agency (JAXA) astronaut Takuya Onishi. (NASA/Robert Markowitz)"
043_Expedition_50_crew_portrait.jpg,portrait_officiel,File:Expedition 50 crew portrait.jpg,https://commons.wikimedia.org/wiki/File:Expedition_50_crew_portrait.jpg,https://thumb.wikimedia.org/wikipedia/commons/thumb/6/6d/Expedition_50_crew_portrait.jpg/1920px-Expedition_50_crew_portrait.jpg?utm_source=commons.wikimedia.org&utm_campaign=imageinfo&utm_content=thumbnail,Public domain,Public domain,https://www.flickr.com/photos/thom_astro/29307908131/ https://www.flickr.com/photos/nasa2explore/30464240742/,Bill Stafford,2016-07-11,"Expedition 50 official crew portrait with (from left) Andrei Borisenko, Shane Kimbrough, Sergei Ryzhikov, Thomas Pesquet, Peggy Whitson and Oleg Novitsky."
044_Expedition_51_crew_portrait.jpg,portrait_officiel,File:Expedition 51 crew portrait.jpg,https://commons.wikimedia.org/wiki/File:Expedition_51_crew_portrait.jpg,https://thumb.wikimedia.org/wikipedia/commons/thumb/d/de/Expedition_51_crew_portrait.jpg/1920px-Expedition_51_crew_portrait.jpg?utm_source=commons.wikimedia.org&utm_campaign=imageinfo&utm_content=thumbnail,Public domain,Public domain,https://www.flickr.com/photos/nasa2explore/33008741073/ https://www.flickr.com/photos/thom_astro/29307907711/,Bill Stafford,2016-07-12 08:16,"The five-member Expedition 51 crew consists of (from left) Jack Fischer, Fyodor Yurchikhin, Thomas Pesquet, Peggy Whitson and Oleg Novitskiy."
045_Expedition_52_crew_portrait.jpg,portrait_officiel,File:Expedition 52 crew portrait.jpg,https://commons.wikimedia.org/wiki/File:Expedition_52_crew_portrait.jpg,https://thumb.wikimedia.org/wikipedia/commons/thumb/b/b1/Expedition_52_crew_portrait.jpg/1920px-Expedition_52_crew_portrait.jpg?utm_source=commons.wikimedia.org&utm_campaign=imageinfo&utm_content=thumbnail,Public domain,Public domain,https://www.flickr.com/photos/nasa2explore/34657061210/,Robert Markowitz,2017-05-24,"The Expedition 52 crew members (front row, from left) are Commander Fyodor Yurchikhin and NASA astronaut Randy Bresnik. In the back row (from left) are, NASA astronauts Jack Fischer and Peggy Whitson, European Space Agency astronaut Paolo Nespoli and Roscosmos cosmonaut Sergey Ryazanskiy."
046_Expedition_53_crew_portrait.jpg,portrait_officiel,File:Expedition 53 crew portrait.jpg,https://commons.wikimedia.org/wiki/File:Expedition_53_crew_portrait.jpg,https://thumb.wikimedia.org/wikipedia/commons/thumb/a/a9/Expedition_53_crew_portrait.jpg/1920px-Expedition_53_crew_portrait.jpg?utm_source=commons.wikimedia.org&utm_campaign=imageinfo&utm_content=thumbnail,Public domain,Public domain,https://www.flickr.com/photos/nasa2explore/36423301716/,Robert Markowitz,2017-05-10,"The six-member Expedition 53 crew poses for an official crew portrait at the Johnson Space Center in Houston, Texas. Seated in the front (from left) are Flight Engineer Alexander Misurkin of Roscosmos and Commander Randy Bresnik of NASA. Standing in the back (from left) are NASA astronauts Joe Acaba"
047_Expedition_53_inflight_crew_portrait_in_the_Destiny_lab.jpg,portrait_officiel,File:Expedition 53 inflight crew portrait in the Destiny lab.jpg,https://commons.wikimedia.org/wiki/File:Expedition_53_inflight_crew_portrait_in_the_Destiny_lab.jpg,https://thumb.wikimedia.org/wikipedia/commons/thumb/e/e6/Expedition_53_inflight_crew_portrait_in_the_Destiny_lab.jpg/1920px-Expedition_53_inflight_crew_portrait_in_the_Destiny_lab.jpg?utm_source=commons.wikimedia.org&utm_campaign=imageinfo&utm_content=thumbnail,Public domain,Public domain,https://www.flickr.com/photos/nasa2explore/23909426098/,NASA,Taken on 22 September 2017,"The six Expedition 53 crew members gather together in the Destiny laboratory module for a group portrait. From left are astronauts Joe Acaba, Paolo Nespoli and Mark Vande Hei, Commander Randy Bresnik and cosmonauts Sergey Ryazanskiy and Alexander Misurkin."
048_Expedition_53_inflight_crew_portrait_in_the_Kibo_lab_2.jpg,portrait_officiel,File:Expedition 53 inflight crew portrait in the Kibo lab (2).jpg,https://commons.wikimedia.org/wiki/File:Expedition_53_inflight_crew_portrait_in_the_Kibo_lab_(2).jpg,https://thumb.wikimedia.org/wikipedia/commons/thumb/7/72/Expedition_53_inflight_crew_portrait_in_the_Kibo_lab_%282%29.jpg/1920px-Expedition_53_inflight_crew_portrait_in_the_Kibo_lab_%282%29.jpg?utm_source=commons.wikimedia.org&utm_campaign=imageinfo&utm_content=thumbnail,Public domain,Public domain,https://www.flickr.com/photos/nasa2explore/38388896316/,NASA,Taken on 12 November 2017,"The six-member Expedition 53 crew poses in their flight suits for a portrait inside the Japanese Kibo laboratory module. In the front row (from left) are European Space Agency astronaut Paolo Nespoli, Expedition 53 Commander Randy Bresnik of NASA and cosmonaut Sergey Ryazanskiy of Roscosmos. In the "
049_Expedition_53_inflight_crew_portrait_in_the_Kibo_lab_3.jpg,portrait_officiel,File:Expedition 53 inflight crew portrait in the Kibo lab (3).jpg,https://commons.wikimedia.org/wiki/File:Expedition_53_inflight_crew_portrait_in_the_Kibo_lab_(3).jpg,https://thumb.wikimedia.org/wikipedia/commons/thumb/5/51/Expedition_53_inflight_crew_portrait_in_the_Kibo_lab_%283%29.jpg/1920px-Expedition_53_inflight_crew_portrait_in_the_Kibo_lab_%283%29.jpg?utm_source=commons.wikimedia.org&utm_campaign=imageinfo&utm_content=thumbnail,Public domain,Public domain,https://www.flickr.com/photos/nasa2explore/37729730744/,NASA,Taken on 12 November 2017,"The six-member Expedition 53 crew poses inside the shirt-sleeve environment of the Japanese Kibo laboratory module. In the front row (from left) are European Space Agency astronaut Paolo Nespoli, Expedition 53 Commander Randy Bresnik of NASA and cosmonaut Sergey Ryazanskiy of Roscosmos. In the back "
050_Expedition_54_crew_portrait.jpg,portrait_officiel,File:Expedition 54 crew portrait.jpg,https://commons.wikimedia.org/wiki/File:Expedition_54_crew_portrait.jpg,https://thumb.wikimedia.org/wikipedia/commons/thumb/d/df/Expedition_54_crew_portrait.jpg/1920px-Expedition_54_crew_portrait.jpg?utm_source=commons.wikimedia.org&utm_campaign=imageinfo&utm_content=thumbnail,Public domain,Public domain,https://www.flickr.com/photos/nasa2explore/38679079912/ https://forum.nasaspaceflight.com/index.php?topic=40619.0 ( direct link ),Robert Markowitz,Taken on 8 May 2017,"The six-member Expedition 54 crew poses for an official crew portrait at the Johnson Space Center in Houston, Texas. From left are Flight Engineers Joe Acaba and Mark Vande Hei of NASA, Commander Alexander Misurkin of Roscosmos and Flight Engineers Anton Shkaplerov of Roscosmos, Scott Tingle of NASA"
051_All_ten_International_Space_Station_crew_members_gather_insi.jpg,en_orbite,File:All ten International Space Station crew members gather inside the Unity module for a portrait during dinnertime (iss074e0814765).jpg,https://commons.wikimedia.org/wiki/File:All_ten_International_Space_Station_crew_members_gather_inside_the_Unity_module_for_a_portrait_during_dinnertime_(iss074e0814765).jpg,https://thumb.wikimedia.org/wikipedia/commons/thumb/0/01/All_ten_International_Space_Station_crew_members_gather_inside_the_Unity_module_for_a_portrait_during_dinnertime_%28iss074e0814765%29.jpg/1920px-All_ten_International_Space_Station_crew_members_gather_inside_the_Unity_module_for_a_portrait_during_dinnertime_%28iss074e0814765%29.jpg?utm_source=commons.wikimedia.org&utm_campaign=imageinfo&utm_content=thumbnail,Public domain,Public domain,This image or video was catalogued by Lyndon B. Johnson Space Center of the United States National Aeronautics and Space Administration (NASA) under Photo ID: iss074e0814765 .,NASA Johnson Space Center,Taken on 18 July 2026,"iss074e0814765 (July 18, 2026) --- All ten International Space Station crew members gather inside the Unity module for a portrait during dinnertime, showing off gourmet food packages from the European Space Agency (ESA). Clockwise from bottom left are Roscosmos cosmonaut Sergey Kud-Sverchkov; NASA a"
052_Astronauts_Chris_Williams_Sophie_Adenot_and_Jessica_Meir_pos.jpg,en_orbite,"File:Astronauts Chris Williams, Sophie Adenot, and Jessica Meir pose for a portrait (iss074e0432750).jpg","https://commons.wikimedia.org/wiki/File:Astronauts_Chris_Williams,_Sophie_Adenot,_and_Jessica_Meir_pose_for_a_portrait_(iss074e0432750).jpg",https://thumb.wikimedia.org/wikipedia/commons/thumb/c/c2/Astronauts_Chris_Williams%2C_Sophie_Adenot%2C_and_Jessica_Meir_pose_for_a_portrait_%28iss074e0432750%29.jpg/1920px-Astronauts_Chris_Williams%2C_Sophie_Adenot%2C_and_Jessica_Meir_pose_for_a_portrait_%28iss074e0432750%29.jpg?utm_source=commons.wikimedia.org&utm_campaign=imageinfo&utm_content=thumbnail,Public domain,Public domain,This image or video was catalogued by Lyndon B. Johnson Space Center of the United States National Aeronautics and Space Administration (NASA) under Photo ID: iss074e0432750 .,NASA Johnson Space Center,Taken on 3 April 2026,"iss074e0432750 (April 3, 2026) --- Expedition 74 flight engineers (from left) Chris Williams of NASA, Sophie Adenot of ESA (European Space Agency), and Jessica Meir of NASA pose for a portrait aboard the International Space Station. Meir is wearing a portable breathing apparatus to test its readines"
053_Astronauts_Jack_Hathaway_and_Sophie_Adenot_pose_for_a_portra.jpg,en_orbite,File:Astronauts Jack Hathaway and Sophie Adenot pose for a portrait (iss074e0432755).jpg,https://commons.wikimedia.org/wiki/File:Astronauts_Jack_Hathaway_and_Sophie_Adenot_pose_for_a_portrait_(iss074e0432755).jpg,https://thumb.wikimedia.org/wikipedia/commons/thumb/7/73/Astronauts_Jack_Hathaway_and_Sophie_Adenot_pose_for_a_portrait_%28iss074e0432755%29.jpg/1920px-Astronauts_Jack_Hathaway_and_Sophie_Adenot_pose_for_a_portrait_%28iss074e0432755%29.jpg?utm_source=commons.wikimedia.org&utm_campaign=imageinfo&utm_content=thumbnail,Public domain,Public domain,This image or video was catalogued by Lyndon B. Johnson Space Center of the United States National Aeronautics and Space Administration (NASA) under Photo ID: iss074e0432755 .,NASA Johnson Space Center,Taken on 3 April 2026,"iss074e0432755 (April 3, 2026) --- Expedition 74 flight engineers Jack Hathaway of NASA and Sophie Adenot of ESA (European Space Agency) pose for a portrait aboard the International Space Station. Hathaway is wearing a portable breathing apparatus to test its readiness for unlikely emergency scenari"
054_Astronauts_Jessica_Meir_and_Sophie_Adenot_pose_for_a_portrai.jpg,en_orbite,File:Astronauts Jessica Meir and Sophie Adenot pose for a portrait inside the Quest airlock (iss075e0085733).jpg,https://commons.wikimedia.org/wiki/File:Astronauts_Jessica_Meir_and_Sophie_Adenot_pose_for_a_portrait_inside_the_Quest_airlock_(iss075e0085733).jpg,https://thumb.wikimedia.org/wikipedia/commons/thumb/a/a4/Astronauts_Jessica_Meir_and_Sophie_Adenot_pose_for_a_portrait_inside_the_Quest_airlock_%28iss075e0085733%29.jpg/1920px-Astronauts_Jessica_Meir_and_Sophie_Adenot_pose_for_a_portrait_inside_the_Quest_airlock_%28iss075e0085733%29.jpg?utm_source=commons.wikimedia.org&utm_campaign=imageinfo&utm_content=thumbnail,Public domain,Public domain,This image or video was catalogued by Lyndon B. Johnson Space Center of the United States National Aeronautics and Space Administration (NASA) under Photo ID: iss075e0085733 .,NASA Johnson Space Center,Taken on 31 August 2026,"iss075e0085733 (Sept. 1, 2026) --- From left, astronauts Jessica Meir of NASA and Sophie Adenot of ESA (European Space Agency) pose for a portrait inside the International Space Station’s Quest airlock while configuring spacesuits the day before they conducted a spacewalk together. Meir and Adenot s"
055_Astronauts_Jessica_Meir_and_Sophie_Adenot_pose_for_a_portrai.jpg,en_orbite,File:Astronauts Jessica Meir and Sophie Adenot pose for a portrait inside the Quest airlock (iss075e0085751).jpg,https://commons.wikimedia.org/wiki/File:Astronauts_Jessica_Meir_and_Sophie_Adenot_pose_for_a_portrait_inside_the_Quest_airlock_(iss075e0085751).jpg,https://thumb.wikimedia.org/wikipedia/commons/thumb/8/84/Astronauts_Jessica_Meir_and_Sophie_Adenot_pose_for_a_portrait_inside_the_Quest_airlock_%28iss075e0085751%29.jpg/1920px-Astronauts_Jessica_Meir_and_Sophie_Adenot_pose_for_a_portrait_inside_the_Quest_airlock_%28iss075e0085751%29.jpg?utm_source=commons.wikimedia.org&utm_campaign=imageinfo&utm_content=thumbnail,Public domain,Public domain,This image or video was catalogued by Lyndon B. Johnson Space Center of the United States National Aeronautics and Space Administration (NASA) under Photo ID: iss075e0085751 .,NASA Johnson Space Center,Taken on 31 August 2026,"iss075e0085751 (Sept. 1, 2026) --- From left, astronauts Jessica Meir of NASA and Sophie Adenot of ESA (European Space Agency) pose for a portrait inside the International Space Station’s Quest airlock while configuring spacesuits the day before they conducted a spacewalk together. Meir and Adenot s"
056_Astronauts_pose_for_a_portrait_during_dinner_time.jpg,en_orbite,File:Astronauts pose for a portrait during dinner time.jpg,https://commons.wikimedia.org/wiki/File:Astronauts_pose_for_a_portrait_during_dinner_time.jpg,https://thumb.wikimedia.org/wikipedia/commons/thumb/1/1a/Astronauts_pose_for_a_portrait_during_dinner_time.jpg/1920px-Astronauts_pose_for_a_portrait_during_dinner_time.jpg?utm_source=commons.wikimedia.org&utm_campaign=imageinfo&utm_content=thumbnail,Public domain,Public domain,https://www.flickr.com/photos/nasa2explore/52339462650/,NASA/Kjell Lindgren,2022-07-11 22:25:04,"iss067e185046 (July 11, 2022) --- (Clockwise from left) Expedition 67 Flight Engineers Bob Hines, Jessica Watkins, and Kjell Lindgren, all from NASA, and Samantha Cristoforetti from ESA (European Space Agency), pose for a portrait during dinner time in the Unity module of the International Space Sta"
057_Eleven_International_Space_Station_crew_members_gather_for_a.jpg,en_orbite,File:Eleven International Space Station crew members gather for a portrait (iss073e0420899).jpg,https://commons.wikimedia.org/wiki/File:Eleven_International_Space_Station_crew_members_gather_for_a_portrait_(iss073e0420899).jpg,https://thumb.wikimedia.org/wikipedia/commons/thumb/e/e4/Eleven_International_Space_Station_crew_members_gather_for_a_portrait_%28iss073e0420899%29.jpg/1920px-Eleven_International_Space_Station_crew_members_gather_for_a_portrait_%28iss073e0420899%29.jpg?utm_source=commons.wikimedia.org&utm_campaign=imageinfo&utm_content=thumbnail,Public domain,Public domain,This image or video was catalogued by Lyndon B. Johnson Space Center of the United States National Aeronautics and Space Administration (NASA) under Photo ID: iss073e0420899 .,NASA Johnson Space Center,Taken on 3 August 2025,"iss073e0420899 (Aug. 3, 2025) --- Eleven International Space Station crew members gather inside the International Space Station's Unity module for a portrait. In the front row, from left are, Kimiya Yui of JAXA (Japan Aerospace Exploration Agency), Zena Cardman of NASA, Oleg Platonov of Roscosmos, a"
058_Expedition_67_flight_engineers_pose_for_a_portrait_during_di.jpg,en_orbite,File:Expedition 67 flight engineers pose for a portrait during dinner time.jpg,https://commons.wikimedia.org/wiki/File:Expedition_67_flight_engineers_pose_for_a_portrait_during_dinner_time.jpg,https://thumb.wikimedia.org/wikipedia/commons/thumb/2/23/Expedition_67_flight_engineers_pose_for_a_portrait_during_dinner_time.jpg/1920px-Expedition_67_flight_engineers_pose_for_a_portrait_during_dinner_time.jpg?utm_source=commons.wikimedia.org&utm_campaign=imageinfo&utm_content=thumbnail,Public domain,Public domain,https://www.flickr.com/photos/nasa2explore/52214951924/,NASA,2022-07-11 22:25:16,"(Clockwise from left) Expedition 67 Flight Engineers Bob Hines, Jessica Watkins, and Kjell Lindgren, all from NASA, and Samantha Cristofroetti from ESA (European Space Agency), pose for a portrait during dinner time in the Unity module of the International Space Station."
059_Expedition_73_Flight_Engineers_Nichole_Ayers_and_Anne_McClai.jpg,en_orbite,File:Expedition 73 Flight Engineers Nichole Ayers and Anne McClain pose for a portrait during maintenance activities (iss073e0071480).jpg,https://commons.wikimedia.org/wiki/File:Expedition_73_Flight_Engineers_Nichole_Ayers_and_Anne_McClain_pose_for_a_portrait_during_maintenance_activities_(iss073e0071480).jpg,https://thumb.wikimedia.org/wikipedia/commons/thumb/1/1b/Expedition_73_Flight_Engineers_Nichole_Ayers_and_Anne_McClain_pose_for_a_portrait_during_maintenance_activities_%28iss073e0071480%29.jpg/1920px-Expedition_73_Flight_Engineers_Nichole_Ayers_and_Anne_McClain_pose_for_a_portrait_during_maintenance_activities_%28iss073e0071480%29.jpg?utm_source=commons.wikimedia.org&utm_campaign=imageinfo&utm_content=thumbnail,Public domain,Public domain,This image or video was catalogued by Lyndon B. Johnson Space Center of the United States National Aeronautics and Space Administration (NASA) under Photo ID: iss073e0071480 .,NASA Johnson Space Center,Taken on 15 May 2025,"iss073e0071480 (May 15, 2025) --- (From left) Expedition 73 Flight Engineers Anne McClain and Nichole Ayers, both NASA astronauts, take a break and pose for a portrait aboard the International Space Station Destiny laboratory module."
060_Expedition_74_crew_members_for_a_portrait_together_inside_th.jpg,en_orbite,File:Expedition 74 crew members for a portrait together inside the International Space Station (iss074e0381633).jpg,https://commons.wikimedia.org/wiki/File:Expedition_74_crew_members_for_a_portrait_together_inside_the_International_Space_Station_(iss074e0381633).jpg,https://thumb.wikimedia.org/wikipedia/commons/thumb/0/0a/Expedition_74_crew_members_for_a_portrait_together_inside_the_International_Space_Station_%28iss074e0381633%29.jpg/1920px-Expedition_74_crew_members_for_a_portrait_together_inside_the_International_Space_Station_%28iss074e0381633%29.jpg?utm_source=commons.wikimedia.org&utm_campaign=imageinfo&utm_content=thumbnail,Public domain,Public domain,This image or video was catalogued by Lyndon B. Johnson Space Center of the United States National Aeronautics and Space Administration (NASA) under Photo ID: iss074e0381633 .,NASA Johnson Space Center,Taken on 12 March 2026,"iss074e0381633 (March 12, 2026) --- Expedition 74 crew members (from left) Sophie Adenot of ESA (European Space Agency), NASA astronauts Jack Hathaway and Chris Williams, and Roscosmos cosmonaut Sergey Kud‑Sverchkov pose for a portrait together inside the International Space Station’s cupola and Tra"
061_Expedition_74_flight_engineers_pose_for_a_portrait_while_hol.jpg,en_orbite,File:Expedition 74 flight engineers pose for a portrait while holding a cake celebrating their recent arrival (iss074e0814792).jpg,https://commons.wikimedia.org/wiki/File:Expedition_74_flight_engineers_pose_for_a_portrait_while_holding_a_cake_celebrating_their_recent_arrival_(iss074e0814792).jpg,https://thumb.wikimedia.org/wikipedia/commons/thumb/2/23/Expedition_74_flight_engineers_pose_for_a_portrait_while_holding_a_cake_celebrating_their_recent_arrival_%28iss074e0814792%29.jpg/1920px-Expedition_74_flight_engineers_pose_for_a_portrait_while_holding_a_cake_celebrating_their_recent_arrival_%28iss074e0814792%29.jpg?utm_source=commons.wikimedia.org&utm_campaign=imageinfo&utm_content=thumbnail,Public domain,Public domain,This image or video was catalogued by Lyndon B. Johnson Space Center of the United States National Aeronautics and Space Administration (NASA) under Photo ID: iss074e0814792 .,NASA Johnson Space Center,Taken on 18 July 2026,"iss074e0814792 (July 18, 2026) --- From left, Expedition 74 flight engineers Anna Kikina and Pyotr Dubrov of Roscosmos, and Anil Menon of NASA pose for a portrait while holding a cake celebrating their recent arrival aboard the International Space Station. The trio launched aboard the Soyuz MS‑29 sp"
062_Iss072e005790_Sept_28_2024_Expedition_72_Flight_Engineers_fr.jpg,en_orbite,"File:Iss072e005790 (Sept 28, 2024) --- Expedition 72 Flight Engineers (from left) Matthew Dominick and Mike Barratt, both NASA astronauts, pose for a portrait inside the SpaceX Dragon Endeavour spacecraft docked to the Har.jpg","https://commons.wikimedia.org/wiki/File:Iss072e005790_(Sept_28,_2024)_---_Expedition_72_Flight_Engineers_(from_left)_Matthew_Dominick_and_Mike_Barratt,_both_NASA_astronauts,_pose_for_a_portrait_inside_the_SpaceX_Dragon_Endeavour_spacecraft_docked_to_the_Har.jpg",https://thumb.wikimedia.org/wikipedia/commons/thumb/d/d7/Iss072e005790_%28Sept_28%2C_2024%29_---_Expedition_72_Flight_Engineers_%28from_left%29_Matthew_Dominick_and_Mike_Barratt%2C_both_NASA_astronauts%2C_pose_for_a_portrait_inside_the_SpaceX_Dragon_Endeavour_spacecraft_docked_to_the_Har.jpg/1920px-thumbnail.jpg?utm_source=commons.wikimedia.org&utm_campaign=imageinfo&utm_content=thumbnail,Public domain,Public domain,This image or video was catalogued by Lyndon B. Johnson Space Center of the United States National Aeronautics and Space Administration (NASA) under Photo ID: iss072e005790 .,NASA Johnson Space Center,Taken on 28 September 2024,"iss072e005790 (Sept. 28, 2024) --- Expedition 72 Flight Engineers (from left) Matthew Dominick and Mike Barratt, both NASA astronauts, pose for a portrait inside the SpaceX Dragon Endeavour spacecraft docked to the Harmony module's space-facing port on the International Space Station. Dominick and B"
063_NASA_astronauts_Chris_Williams_and_Jack_Hathaway_pose_for_a_.jpg,en_orbite,File:NASA astronauts Chris Williams and Jack Hathaway pose for a portrait inside the cupola (iss074e0458223).jpg,https://commons.wikimedia.org/wiki/File:NASA_astronauts_Chris_Williams_and_Jack_Hathaway_pose_for_a_portrait_inside_the_cupola_(iss074e0458223).jpg,https://thumb.wikimedia.org/wikipedia/commons/thumb/9/9f/NASA_astronauts_Chris_Williams_and_Jack_Hathaway_pose_for_a_portrait_inside_the_cupola_%28iss074e0458223%29.jpg/1920px-NASA_astronauts_Chris_Williams_and_Jack_Hathaway_pose_for_a_portrait_inside_the_cupola_%28iss074e0458223%29.jpg?utm_source=commons.wikimedia.org&utm_campaign=imageinfo&utm_content=thumbnail,Public domain,Public domain,This image or video was catalogued by Lyndon B. Johnson Space Center of the United States National Aeronautics and Space Administration (NASA) under Photo ID: iss074e0458223 .,NASA Johnson Space Center,Taken on 13 April 2026,"iss074e0458223 (April 13, 2026) --- NASA astronauts (from left) Chris Williams and Jack Hathaway, both Expedition 74 flight engineers, pose for a portrait inside the cupola during a break in their procedures as Northrop Grumman's Cygnus XL cargo spacecraft approached the International Space Station."
064_NASA_astronauts_Chris_Williams_and_Jessica_Meir_pose_for_a_p.jpg,en_orbite,File:NASA astronauts Chris Williams and Jessica Meir pose for a portrait (iss074e0432745).jpg,https://commons.wikimedia.org/wiki/File:NASA_astronauts_Chris_Williams_and_Jessica_Meir_pose_for_a_portrait_(iss074e0432745).jpg,https://thumb.wikimedia.org/wikipedia/commons/thumb/e/ed/NASA_astronauts_Chris_Williams_and_Jessica_Meir_pose_for_a_portrait_%28iss074e0432745%29.jpg/1920px-NASA_astronauts_Chris_Williams_and_Jessica_Meir_pose_for_a_portrait_%28iss074e0432745%29.jpg?utm_source=commons.wikimedia.org&utm_campaign=imageinfo&utm_content=thumbnail,Public domain,Public domain,This image or video was catalogued by Lyndon B. Johnson Space Center of the United States National Aeronautics and Space Administration (NASA) under Photo ID: iss074e0432745 .,NASA Johnson Space Center,Taken on 3 April 2026,"iss074e0432745 (April 3, 2026) --- NASA astronauts Chris Williams and Jessica Meir, both Expedition 74 flight engineers, pose for a portrait aboard the International Space Station. Meir is wearing a portable breathing apparatus to test its readiness for unlikely emergency scenarios such as an oxygen"
065_NASA_s_SpaceX_Crew_10_members_pose_for_a_portrait_inside_the.jpg,en_orbite,File:NASA's SpaceX Crew-10 members pose for a portrait inside the SpaceX Dragon (iss073e0385839).jpg,https://commons.wikimedia.org/wiki/File:NASA%27s_SpaceX_Crew-10_members_pose_for_a_portrait_inside_the_SpaceX_Dragon_(iss073e0385839).jpg,https://thumb.wikimedia.org/wikipedia/commons/thumb/b/b2/NASA%27s_SpaceX_Crew-10_members_pose_for_a_portrait_inside_the_SpaceX_Dragon_%28iss073e0385839%29.jpg/1920px-NASA%27s_SpaceX_Crew-10_members_pose_for_a_portrait_inside_the_SpaceX_Dragon_%28iss073e0385839%29.jpg?utm_source=commons.wikimedia.org&utm_campaign=imageinfo&utm_content=thumbnail,Public domain,Public domain,This image or video was catalogued by Lyndon B. Johnson Space Center of the United States National Aeronautics and Space Administration (NASA) under Photo ID: iss073e0385839 .,NASA Johnson Space Center,Taken on 19 July 2025,"iss073e0385839 (July 19, 2025) --- From left, NASA's SpaceX Crew-10 members JAXA (Japan Aerospace Exploration Agency) astronaut Takuya Onishi, NASA astronauts Anne McClain and Nichole Ayers, and Roscosmos cosmonaut Kirill Peskov pose for a portrait inside the SpaceX Dragon crew spacecraft that carri"
066_NASA_s_SpaceX_Crew_12_members_gather_for_a_portrait_in_their.jpg,en_orbite,File:NASA's SpaceX Crew-12 members gather for a portrait in their Dragon pressure suits (iss075e0150066).jpg,https://commons.wikimedia.org/wiki/File:NASA%27s_SpaceX_Crew-12_members_gather_for_a_portrait_in_their_Dragon_pressure_suits_(iss075e0150066).jpg,https://thumb.wikimedia.org/wikipedia/commons/thumb/6/6b/NASA%27s_SpaceX_Crew-12_members_gather_for_a_portrait_in_their_Dragon_pressure_suits_%28iss075e0150066%29.jpg/1920px-NASA%27s_SpaceX_Crew-12_members_gather_for_a_portrait_in_their_Dragon_pressure_suits_%28iss075e0150066%29.jpg?utm_source=commons.wikimedia.org&utm_campaign=imageinfo&utm_content=thumbnail,Public domain,Public domain,This image or video was catalogued by Lyndon B. Johnson Space Center of the United States National Aeronautics and Space Administration (NASA) under Photo ID: iss075e0150066 .,NASA Johnson Space Center,Taken on 22 September 2026,"iss075e0150066 (Sept. 22, 2026) --- NASA's SpaceX Crew-12 members gather for a portrait in the pressure suits they will wear when they depart the International Space Station inside the SpaceX Dragon spacecraft. From left, Roscosmos cosmonaut and mission specialist Andrey Fedyaev, NASA astronauts Jac"
067_Six_of_seven_Expedition_74_crew_members_pose_for_a_portrait_.jpg,en_orbite,File:Six of seven Expedition 74 crew members pose for a portrait aboard the International Space Station (iss074e0588592).jpg,https://commons.wikimedia.org/wiki/File:Six_of_seven_Expedition_74_crew_members_pose_for_a_portrait_aboard_the_International_Space_Station_(iss074e0588592).jpg,https://thumb.wikimedia.org/wikipedia/commons/thumb/4/44/Six_of_seven_Expedition_74_crew_members_pose_for_a_portrait_aboard_the_International_Space_Station_%28iss074e0588592%29.jpg/1920px-Six_of_seven_Expedition_74_crew_members_pose_for_a_portrait_aboard_the_International_Space_Station_%28iss074e0588592%29.jpg?utm_source=commons.wikimedia.org&utm_campaign=imageinfo&utm_content=thumbnail,Public domain,Public domain,This image or video was catalogued by Lyndon B. Johnson Space Center of the United States National Aeronautics and Space Administration (NASA) under Photo ID: iss074e0588592 .,NASA Johnson Space Center,Taken on 15 May 2026,"iss074e0588592 (May 15, 2026) --- Six of the seven Expedition 74 crew members pose for a portrait together aboard the International Space Station. From left are, NASA astronaut Jack Hathaway, Roscosmos cosmonauts Sergey Kud‑Sverchkov and Sergey Mikaev, NASA astronaut Chris Williams, Roscosmos cosmon"
068_Ten_International_Space_Station_crew_members_representing_Ex.jpg,en_orbite,File:Ten International Space Station crew members representing Expedition 73 and 74 pose for a portrait (iss073e1327464).jpg,https://commons.wikimedia.org/wiki/File:Ten_International_Space_Station_crew_members_representing_Expedition_73_and_74_pose_for_a_portrait_(iss073e1327464).jpg,https://thumb.wikimedia.org/wikipedia/commons/thumb/0/03/Ten_International_Space_Station_crew_members_representing_Expedition_73_and_74_pose_for_a_portrait_%28iss073e1327464%29.jpg/1920px-Ten_International_Space_Station_crew_members_representing_Expedition_73_and_74_pose_for_a_portrait_%28iss073e1327464%29.jpg?utm_source=commons.wikimedia.org&utm_campaign=imageinfo&utm_content=thumbnail,Public domain,Public domain,This image or video was catalogued by Lyndon B. Johnson Space Center of the United States National Aeronautics and Space Administration (NASA) under Photo ID: iss073e1327464 .,NASA Johnson Space Center,Taken on 7 December 2025,"iss073e1327464 (Dec. 7, 2025) --- The ten International Space Station crew members representing both Expedition 73 and 74 pose for a portrait in the Kibo laboratory module after Roscosmos cosmonaut Sergey Ryzhikov (front right) handed over command of the orbital outpost to NASA astronaut Mike Fincke"
069_The_four_members_of_NASA_s_SpaceX_Crew_12_mission_pose_for_a.jpg,en_orbite,File:The four members of NASA's SpaceX Crew-12 mission pose for a portrait (iss075e0144512).jpg,https://commons.wikimedia.org/wiki/File:The_four_members_of_NASA%27s_SpaceX_Crew-12_mission_pose_for_a_portrait_(iss075e0144512).jpg,https://thumb.wikimedia.org/wikipedia/commons/thumb/b/b8/The_four_members_of_NASA%27s_SpaceX_Crew-12_mission_pose_for_a_portrait_%28iss075e0144512%29.jpg/1920px-The_four_members_of_NASA%27s_SpaceX_Crew-12_mission_pose_for_a_portrait_%28iss075e0144512%29.jpg?utm_source=commons.wikimedia.org&utm_campaign=imageinfo&utm_content=thumbnail,Public domain,Public domain,This image or video was catalogued by Lyndon B. Johnson Space Center of the United States National Aeronautics and Space Administration (NASA) under Photo ID: iss075e0144512 .,NASA Johnson Space Center,Taken on 23 September 2026,"iss075e0144512 (Sept. 23, 2026) --- The four members of NASA's SpaceX Crew-12 mission pose for a portrait inside the vestibule between the SpaceX Dragon spacecraft and the International Space Station. Clockwise from left are, NASA astronauts Jessica Meir and Jack Hathaway, ESA (European Space Agency"
070_The_nine_ISS_residents_pose_for_a_portrait_iss060e080784.jpg,en_orbite,File:The nine ISS residents pose for a portrait (iss060e080784).jpg,https://commons.wikimedia.org/wiki/File:The_nine_ISS_residents_pose_for_a_portrait_(iss060e080784).jpg,https://thumb.wikimedia.org/wikipedia/commons/thumb/2/2f/The_nine_ISS_residents_pose_for_a_portrait_%28iss060e080784%29.jpg/1920px-The_nine_ISS_residents_pose_for_a_portrait_%28iss060e080784%29.jpg?utm_source=commons.wikimedia.org&utm_campaign=imageinfo&utm_content=thumbnail,Public domain,Public domain,Flickr.com,NASA,Taken on 26 September 2019 21:11:47,"(Sept. 26, 2019) --- The nine International Space Station residents pose for a portrait inside the Zvezda service module. At the bottom row from left are, station cosmonaut Alexey Ovchinin, astronauts Luca Parmitano and Nick Hague, visiting astronaut Hazzaa Ali Almansoori of the United Arab Emirates"
071_Artemis_II_Crew_Rise_ing_To_the_Occasion_art002e013365.jpg,artemis,"File:Artemis II Crew ""Rise-ing"" To the Occasion (art002e013365).jpg",https://commons.wikimedia.org/wiki/File:Artemis_II_Crew_%22Rise-ing%22_To_the_Occasion_(art002e013365).jpg,https://thumb.wikimedia.org/wikipedia/commons/thumb/7/79/Artemis_II_Crew_%22Rise-ing%22_To_the_Occasion_%28art002e013365%29.jpg/1920px-Artemis_II_Crew_%22Rise-ing%22_To_the_Occasion_%28art002e013365%29.jpg?utm_source=commons.wikimedia.org&utm_campaign=imageinfo&utm_content=thumbnail,Public domain,Public domain,This image or video was catalogued by Lyndon B. Johnson Space Center of the United States National Aeronautics and Space Administration (NASA) under Photo ID: art002e013365 .,NASA Johnson Space Center,Taken on 7 April 2026,"art002e013365 (April 7, 2026) – The Artemis II crew – (clockwise from left) Mission Specialist Christina Koch, Mission Specialist Jeremy Hansen, Commander Reid Wiseman, and Pilot Victor Glover – pause for a group photo with their zero gravity indicator ""Rise,"" inside the Orion spacecraft on their wa"
072_Artemis_II_Crew_Arrives_at_KSC_Ahead_of_Launch_KSC_04272026_.jpg,artemis,File:Artemis II Crew Arrives at KSC Ahead of Launch (KSC-04272026-Artemis II Crew Arrival-1-14).jpg,https://commons.wikimedia.org/wiki/File:Artemis_II_Crew_Arrives_at_KSC_Ahead_of_Launch_(KSC-04272026-Artemis_II_Crew_Arrival-1-14).jpg,https://thumb.wikimedia.org/wikipedia/commons/thumb/4/4d/Artemis_II_Crew_Arrives_at_KSC_Ahead_of_Launch_%28KSC-04272026-Artemis_II_Crew_Arrival-1-14%29.jpg/1920px-Artemis_II_Crew_Arrives_at_KSC_Ahead_of_Launch_%28KSC-04272026-Artemis_II_Crew_Arrival-1-14%29.jpg?utm_source=commons.wikimedia.org&utm_campaign=imageinfo&utm_content=thumbnail,Public domain,Public domain,This image or video was catalogued by John F. Kennedy Space Center of the United States National Aeronautics and Space Administration (NASA) under Photo ID: KSC-04272026-Artemis II_Crew Arrival-1-14 .,NASA Kennedy Space Center / NASA/Brandon Hancock,Taken on 27 March 2026,"These images show the moments shortly after the arrival of the Artemis II crew to NASA’s Kennedy Space Center on March 27, 2026 ahead of the launch. The four astronauts, Victor Glover, Reid Wiseman, Christina Koch, and Jeremy Hansen, arrived on a T38, which can be seen behind them. They took turns s"
073_Artemis_II_Crew_Arrives_at_KSC_Ahead_of_Launch_KSC_04272026_.jpg,artemis,File:Artemis II Crew Arrives at KSC Ahead of Launch (KSC-04272026-Artemis II Crew Arrival-1-25).jpg,https://commons.wikimedia.org/wiki/File:Artemis_II_Crew_Arrives_at_KSC_Ahead_of_Launch_(KSC-04272026-Artemis_II_Crew_Arrival-1-25).jpg,https://thumb.wikimedia.org/wikipedia/commons/thumb/f/f2/Artemis_II_Crew_Arrives_at_KSC_Ahead_of_Launch_%28KSC-04272026-Artemis_II_Crew_Arrival-1-25%29.jpg/1920px-Artemis_II_Crew_Arrives_at_KSC_Ahead_of_Launch_%28KSC-04272026-Artemis_II_Crew_Arrival-1-25%29.jpg?utm_source=commons.wikimedia.org&utm_campaign=imageinfo&utm_content=thumbnail,Public domain,Public domain,This image or video was catalogued by John F. Kennedy Space Center of the United States National Aeronautics and Space Administration (NASA) under Photo ID: KSC-04272026-Artemis II_Crew Arrival-1-25 .,NASA Kennedy Space Center / NASA/Brandon Hancock,Taken on 27 March 2026,"These images show the moments shortly after the arrival of the Artemis II crew to NASA’s Kennedy Space Center on March 27, 2026 ahead of the launch. The four astronauts, Victor Glover, Reid Wiseman, Christina Koch, and Jeremy Hansen, arrived on a T38, which can be seen behind them. They took turns s"
074_Artemis_II_Crew_Arrives_at_KSC_Ahead_of_Launch_KSC_04272026_.jpg,artemis,File:Artemis II Crew Arrives at KSC Ahead of Launch (KSC-04272026-Artemis II Crew Arrival-18).jpg,https://commons.wikimedia.org/wiki/File:Artemis_II_Crew_Arrives_at_KSC_Ahead_of_Launch_(KSC-04272026-Artemis_II_Crew_Arrival-18).jpg,https://thumb.wikimedia.org/wikipedia/commons/thumb/d/db/Artemis_II_Crew_Arrives_at_KSC_Ahead_of_Launch_%28KSC-04272026-Artemis_II_Crew_Arrival-18%29.jpg/1920px-Artemis_II_Crew_Arrives_at_KSC_Ahead_of_Launch_%28KSC-04272026-Artemis_II_Crew_Arrival-18%29.jpg?utm_source=commons.wikimedia.org&utm_campaign=imageinfo&utm_content=thumbnail,Public domain,Public domain,This image or video was catalogued by John F. Kennedy Space Center of the United States National Aeronautics and Space Administration (NASA) under Photo ID: KSC-04272026-Artemis II_Crew Arrival-18 .,NASA Kennedy Space Center / NASA/Brandon Hancock,Taken on 27 March 2026,"These images show the moments shortly after the arrival of the Artemis II crew to NASA’s Kennedy Space Center on March 27, 2026 ahead of the launch. The four astronauts, Victor Glover, Reid Wiseman, Christina Koch, and Jeremy Hansen, arrived on a T38, which can be seen behind them. They took turns s"
075_Artemis_II_Crew_Arrives_at_KSC_Ahead_of_Launch_KSC_04272026_.jpg,artemis,File:Artemis II Crew Arrives at KSC Ahead of Launch (KSC-04272026-Artemis II Crew Arrival-26).jpg,https://commons.wikimedia.org/wiki/File:Artemis_II_Crew_Arrives_at_KSC_Ahead_of_Launch_(KSC-04272026-Artemis_II_Crew_Arrival-26).jpg,https://thumb.wikimedia.org/wikipedia/commons/thumb/a/ac/Artemis_II_Crew_Arrives_at_KSC_Ahead_of_Launch_%28KSC-04272026-Artemis_II_Crew_Arrival-26%29.jpg/1920px-Artemis_II_Crew_Arrives_at_KSC_Ahead_of_Launch_%28KSC-04272026-Artemis_II_Crew_Arrival-26%29.jpg?utm_source=commons.wikimedia.org&utm_campaign=imageinfo&utm_content=thumbnail,Public domain,Public domain,This image or video was catalogued by John F. Kennedy Space Center of the United States National Aeronautics and Space Administration (NASA) under Photo ID: KSC-04272026-Artemis II_Crew Arrival-26 .,NASA Kennedy Space Center / NASA/Brandon Hancock,Taken on 27 March 2026,"These images show the moments shortly after the arrival of the Artemis II crew to NASA’s Kennedy Space Center on March 27, 2026 ahead of the launch. The four astronauts, Victor Glover, Reid Wiseman, Christina Koch, and Jeremy Hansen, arrived on a T38, which can be seen behind them. They took turns s"
076_Artemis_II_Crew_Arrives_at_KSC_Ahead_of_Launch_KSC_04272026_.jpg,artemis,File:Artemis II Crew Arrives at KSC Ahead of Launch (KSC-04272026-Artemis II Crew Arrival-31).jpg,https://commons.wikimedia.org/wiki/File:Artemis_II_Crew_Arrives_at_KSC_Ahead_of_Launch_(KSC-04272026-Artemis_II_Crew_Arrival-31).jpg,https://thumb.wikimedia.org/wikipedia/commons/thumb/6/6f/Artemis_II_Crew_Arrives_at_KSC_Ahead_of_Launch_%28KSC-04272026-Artemis_II_Crew_Arrival-31%29.jpg/1920px-Artemis_II_Crew_Arrives_at_KSC_Ahead_of_Launch_%28KSC-04272026-Artemis_II_Crew_Arrival-31%29.jpg?utm_source=commons.wikimedia.org&utm_campaign=imageinfo&utm_content=thumbnail,Public domain,Public domain,This image or video was catalogued by John F. Kennedy Space Center of the United States National Aeronautics and Space Administration (NASA) under Photo ID: KSC-04272026-Artemis II_Crew Arrival-31 .,NASA Kennedy Space Center / NASA/Brandon Hancock,Taken on 27 March 2026,"These images show the moments shortly after the arrival of the Artemis II crew to NASA’s Kennedy Space Center on March 27, 2026 ahead of the launch. The four astronauts, Victor Glover, Reid Wiseman, Christina Koch, and Jeremy Hansen, arrived on a T38, which can be seen behind them. They took turns s"
077_Artemis_II_Crew_Arrives_at_KSC_Ahead_of_Launch_KSC_04272026_.jpg,artemis,File:Artemis II Crew Arrives at KSC Ahead of Launch (KSC-04272026-Artemis II Crew Arrival-35).jpg,https://commons.wikimedia.org/wiki/File:Artemis_II_Crew_Arrives_at_KSC_Ahead_of_Launch_(KSC-04272026-Artemis_II_Crew_Arrival-35).jpg,https://thumb.wikimedia.org/wikipedia/commons/thumb/9/92/Artemis_II_Crew_Arrives_at_KSC_Ahead_of_Launch_%28KSC-04272026-Artemis_II_Crew_Arrival-35%29.jpg/1920px-Artemis_II_Crew_Arrives_at_KSC_Ahead_of_Launch_%28KSC-04272026-Artemis_II_Crew_Arrival-35%29.jpg?utm_source=commons.wikimedia.org&utm_campaign=imageinfo&utm_content=thumbnail,Public domain,Public domain,This image or video was catalogued by John F. Kennedy Space Center of the United States National Aeronautics and Space Administration (NASA) under Photo ID: KSC-04272026-Artemis II_Crew Arrival-35 .,NASA Kennedy Space Center / NASA/Brandon Hancock,Taken on 27 March 2026,"These images show the moments shortly after the arrival of the Artemis II crew to NASA’s Kennedy Space Center on March 27, 2026 ahead of the launch. The four astronauts, Victor Glover, Reid Wiseman, Christina Koch, and Jeremy Hansen, arrived on a T38, which can be seen behind them. They took turns s"
078_Artemis_II_Crew_Q_and_A_and_Zero_Gravity_Indicator_KSC_20260.jpg,artemis,File:Artemis II Crew Q and A and Zero Gravity Indicator (KSC-20260329-PH-KLS01 0002).jpg,https://commons.wikimedia.org/wiki/File:Artemis_II_Crew_Q_and_A_and_Zero_Gravity_Indicator_(KSC-20260329-PH-KLS01_0002).jpg,https://thumb.wikimedia.org/wikipedia/commons/thumb/5/5b/Artemis_II_Crew_Q_and_A_and_Zero_Gravity_Indicator_%28KSC-20260329-PH-KLS01_0002%29.jpg/1920px-Artemis_II_Crew_Q_and_A_and_Zero_Gravity_Indicator_%28KSC-20260329-PH-KLS01_0002%29.jpg?utm_source=commons.wikimedia.org&utm_campaign=imageinfo&utm_content=thumbnail,Public domain,Public domain,This image or video was catalogued by John F. Kennedy Space Center of the United States National Aeronautics and Space Administration (NASA) under Photo ID: KSC-20260329-PH-KLS01_0002 .,NASA Kennedy Space Center / NASA/Kim Shiflett,Taken on 29 March 2026,Artemis II Crew Q and A and Zero Gravity Indicator
079_Artemis_II_Launch_Crew_Walkout_NHQ20260401_admin_0002.jpg,artemis,File:Artemis II Launch Crew Walkout (NHQ20260401 admin 0002).jpg,https://commons.wikimedia.org/wiki/File:Artemis_II_Launch_Crew_Walkout_(NHQ20260401_admin_0002).jpg,https://thumb.wikimedia.org/wikipedia/commons/thumb/2/2f/Artemis_II_Launch_Crew_Walkout_%28NHQ20260401_admin_0002%29.jpg/1920px-Artemis_II_Launch_Crew_Walkout_%28NHQ20260401_admin_0002%29.jpg?utm_source=commons.wikimedia.org&utm_campaign=imageinfo&utm_content=thumbnail,Public domain,Public domain,This image or video was catalogued by John F. Kennedy Space Center of the United States National Aeronautics and Space Administration (NASA) under Photo ID: NHQ20260401_admin_0002 .,NASA Kennedy Space Center / NASA/John Kraus,Taken on 1 April 2026,"Artemis II astronauts Mission Specialist Jeremy Hansen from the CSA (Canadian Space Agency) and Pilot Victor Glover, Mission Specialist Christina Koch, and Commander Reid Wiseman from NASA are seen as they prepare to depart the Neil A. Armstrong Operations and Checkout Building for Launch Complex 39"
080_Artemis_II_Launch_Crew_Walkout_NHQ20260401_admin_0005.jpg,artemis,File:Artemis II Launch Crew Walkout (NHQ20260401 admin 0005).jpg,https://commons.wikimedia.org/wiki/File:Artemis_II_Launch_Crew_Walkout_(NHQ20260401_admin_0005).jpg,https://thumb.wikimedia.org/wikipedia/commons/thumb/2/21/Artemis_II_Launch_Crew_Walkout_%28NHQ20260401_admin_0005%29.jpg/1920px-Artemis_II_Launch_Crew_Walkout_%28NHQ20260401_admin_0005%29.jpg?utm_source=commons.wikimedia.org&utm_campaign=imageinfo&utm_content=thumbnail,Public domain,Public domain,This image or video was catalogued by John F. Kennedy Space Center of the United States National Aeronautics and Space Administration (NASA) under Photo ID: NHQ20260401_admin_0005 .,NASA Kennedy Space Center / NASA/John Kraus,Taken on 1 April 2026,"Artemis II astronauts Mission Specialist Jeremy Hansen from the CSA (Canadian Space Agency) and Pilot Victor Glover, Commander Reid Wiseman, and Mission Specialist Christina Koch from NASA are seen as they prepare to depart the Neil A. Armstrong Operations and Checkout Building for Launch Complex 39"
